{"loss": 0.22718828916549683, "_timestamp": 1655145245, "_runtime": 9, "_step": 149, "auc": 0.7861963244233785, "_wandb": {"runtime": 10}}