{"loss": 0.4012787938117981, "_timestamp": 1655145800, "_runtime": 8, "_step": 149, "auc": 0.7887336352263316, "_wandb": {"runtime": 10}}