{"loss": 0.4423353672027588, "_timestamp": 1657753581, "_runtime": 298, "_step": 17, "auctotal": 0.8166039614566094, "auc": 0.8205191509517481}