{"loss": 0.8111304640769958, "_timestamp": 1657707969, "_runtime": 174, "_step": 11, "auctotal": 0.7981293873845824, "auc": 0.8014170156373333}